Company,Document Title,Agreement Type,PDF URL,Notes
ZAGG Inc.,Credit Agreement,Credit Agreement,https://www.sec.gov/Archives/edgar/data/1296205/000101376212002287/ex101.pdf,SEC exhibit PDF
"Winnebago Industries, Inc.",Credit Agreement,Credit Agreement,https://www.sec.gov/Archives/edgar/data/107687/000010768712000045/exh101gecccreditagreementand.pdf,SEC exhibit PDF
HNI Corporation,Term Loan Credit Agreement,Term Loan Credit Agreement,https://s27.q4cdn.com/224070551/files/doc_downloads/2023/04/8-K-Term-Loan-Agreement-for-website.pdf,Investor relations PDF
"Cirrus Logic, Inc.",Credit Agreement,Credit Agreement,https://s21.q4cdn.com/307563939/files/doc_downloads/general/Credit%20Agreement%201%20-f%203.pdf,Investor relations PDF
"Corpay, Inc.",Bridge Term Loan Credit Agreement,Bridge Term Loan Credit Agreement,https://investor.corpay.com/static-files/363fd112-f2d5-4011-be21-fb377ea86c77,Investor relations PDF
Viatris Inc.,Amended and Restated Revolving Credit Agreement,Revolving Credit Agreement,https://investor.viatris.com/static-files/acf11e9e-8d47-4bdf-aa4b-115346aa0a19,Investor relations PDF
ACCO Brands Corporation,Third Amended and Restated Credit Agreement,Amended and Restated Credit Agreement,https://s27.q4cdn.com/496738823/files/doc_financials/2022/q3/ACCO-2022-8K-ER-Q3-Final-Complete.pdf,8-K PDF with agreement text
"SailPoint, Inc.",Credit Agreement,Credit Agreement,https://investor.sailpoint.com/static-files/10a29a26-2533-4d72-b4c2-f0346cd547d0,8-K PDF
"Magnite, Inc.",Credit Agreement,Credit Agreement,https://investor.magnite.com/static-files/7115d844-e27d-4458-98b2-ce579585096b,8-K PDF
"LifeStance Health Group, Inc.",Credit Agreement,Credit Agreement,https://investor.lifestance.com/static-files/0aa6f3f9-fcd8-4a3e-8bcb-ea162f269c41,8-K PDF
Galaxy Digital Inc.,Credit Agreement,Credit Agreement,https://investor.galaxy.com/static-files/cc814fea-f240-486b-87ca-72130ab0e344,8-K PDF
"Cross Country Healthcare, Inc.",Credit Agreement,Credit Agreement,https://www.sec.gov/Archives/edgar/data/1141103/000111650205002577/pdfcopy-crosscountry8k.pdf,SEC 8-K PDF
Noodles & Company,Second Amendment to Amended and Restated Credit Agreement,Amendment to Credit Agreement,https://investor.noodles.com/static-files/ca800f74-d586-4e8c-84cb-abd64255d25a,Investor relations PDF
"Oxford Industries, Inc.",Amendment to Amended and Restated Credit Agreement,Amendment to Credit Agreement,https://investor.oxfordinc.com/index.php/static-files/5c6486e4-f89c-478f-8075-2923a96de3d9,Investor relations PDF
"Greif, Inc.",Incremental Term Loan Agreement / amendment to Amended and Restated Credit Agreement,Term Loan Agreement,https://investor.greif.com/static-files/7ad4f92e-edf2-4ddf-b29a-44b6191fd4f3,8-K PDF
McDonald's Corporation,364-Day Revolving Credit Agreement,Revolving Credit Agreement,https://www.sec.gov/Archives/edgar/data/63908/000006390820000031/form8k.pdf,SEC 8-K PDF
Vistry Group plc / Project Coach,Acquisition Term Facility Agreement,Term Facility Agreement,https://www.vistry.co.uk/~/media/Files/V/vistry-group-v1/investors/countryside-offer/financing-documents/project-coach-acquisition-term-facility-agreement-executed-05-09-2022-redacted.pdf,Company PDF
Trip.com Group Limited,Facility Agreement,Facility Agreement,https://investors.trip.com/node/13366/pdf,Investor relations PDF
TMX Group Limited,Amended Credit Agreement,Credit Agreement,https://s21.q4cdn.com/671813756/files/doc_downloads/1/amended-credit-agreement-9-30-13-2014-11-02-en.pdf,Investor relations PDF
AmRest Holdings N.V.,Facility Agreement,Facility Agreement,https://www.amrest.eu/sites/default/files/2021-09/cc9bdaae_0.pdf,Company PDF
"Pliant Therapeutics, Inc.",Loan Facility Agreement,Loan Facility Agreement,https://ir.pliantrx.com/node/7681/pdf,Investor relations PDF
"Sunstone Hotel Investors, Inc.",Second Amended and Restated Credit Agreement,Amended and Restated Credit Agreement,https://s23.q4cdn.com/442848786/files/PressReleases/SHO-A-R-Facility-and-TL-Recast-vF.pdf,Company press release PDF with agreement details
American Vanguard Corporation,Credit Agreement Amendment,Amendment to Credit Agreement,https://s205.q4cdn.com/206980792/files/doc_news/2025/Aug/19/Credit-Agreement-Amendment.pdf,Company PDF
"Franklin Electric Co., Inc.",Credit Agreement / amendment exhibit,Credit Agreement,https://www.sec.gov/Archives/edgar/data/38725/000003872506000081/exhibit10_1.pdf,SEC exhibit PDF
Crimson Exploration Inc.,Fifth Amendment to Amended and Restated Credit Agreement,Amendment to Credit Agreement,https://www.sec.gov/Archives/edgar/data/813779/000081377910000035/ex10_1.pdf,SEC exhibit PDF
"Pac-Van, Inc.",Amendment No. 11 to Amended and Restated Credit Agreement,Amendment to Credit Agreement,https://www.sec.gov/Archives/edgar/data/1342287/000134228720000091/exh_101.pdf,SEC exhibit PDF
Denbury Inc.,Fourth Amendment to Credit Agreement,Amendment to Credit Agreement,https://www.sec.gov/Archives/edgar/data/945764/000094576423000136/den-20231027.pdf,SEC 8-K PDF
"Paramount Group, Inc.",Consent Agreement tied to Second Amended and Restated Credit Agreement,Consent/Amendment related to Credit Agreement,https://s28.q4cdn.com/314435393/files/doc_financials/2025/sec/PGRE_8-K_Credit_Facility.pdf,Investor relations PDF
General Motors Company,Credit-facility related filing referencing Five-Year Revolving Credit Agreement,Revolving Credit Agreement (referenced),https://investor.gm.com/static-files/18ecd39b-e68c-4aef-b23b-e080299c15c4,Investor relations PDF
"Analog Devices, Inc.",Fourth Amended and Restated Revolving Credit Agreement,Revolving Credit Agreement,https://investor.analog.com/static-files/57861415-1474-40eb-b76a-4b138afd0791,Investor relations PDF
