candidate_filename	raw_path	verdict	basis
radio_one_2015_8k_with_credit_agreement.pdf	raw_documents/pdf/057_Radio_One_2015_Credit_Agreement_8-K.pdf	import	Complete executed credit agreement embedded in SEC 8-K PDF; title page, operative sections, signatures and exhibits confirmed.
edward_jones_2018_10q_with_credit_agreement.pdf	raw_documents/pdf/058_Edward_Jones_2018_Credit_Agreement_10-Q.pdf	import	Complete Exhibit 10.1 embedded in SEC 10-Q PDF; title page, operative sections, signatures and exhibits confirmed.
denbury_2020_8k_with_credit_agreement.pdf	raw_documents/pdf/059_Denbury_2020_Credit_Agreement_8-K.pdf	import	Complete restructuring/exit credit agreement embedded in SEC 8-K PDF; title page, operative sections, signatures and exhibits confirmed.
designer_brands_2022_credit_agreement.pdf	raw_documents/pdf/060_Designer_Brands_2022_Credit_Agreement.pdf	import	Standalone 223-page executed credit agreement PDF with complete operative text and exhibits.
blackstone_pes_2024_10q_with_credit_agreement.pdf	raw_documents/pdf/061_Blackstone_PES_2024_Credit_Agreement_10-Q.pdf	import	Complete Blackstone fund-level leverage agreement embedded in SEC 10-Q PDF; operative sections and exhibits confirmed.
circor_2021_credit_agreement.htm	raw_documents/htm/062_CIRCOR_2021_Credit_Agreement.htm	import	Complete executed credit agreement with definitions, facilities, covenants, defaults, signatures and exhibits.
att_2022_ar_term_loan_credit.htm	raw_documents/htm/063_ATT_2022_Amended_Restated_Term_Loan_Credit_Agreement.htm	import	Complete amended and restated term-loan agreement; omitted lender signature pages are expressly identified and do not remove operative terms.
amazon_2022_364day_revolving_credit.htm	raw_documents/htm/064_Amazon_2022_364-Day_Revolving_Credit_Agreement.htm	import	Complete executed 364-day revolver with operative provisions, signature pages and exhibits.
bandwidth_2022_senior_secured_credit.htm	raw_documents/htm/065_Bandwidth_2022_Senior_Secured_Credit_Agreement.htm	import	Complete senior-secured facilities agreement with extensive operative sections, signatures and exhibits.
hyatt_2022_credit_agreement.htm	raw_documents/htm/066_Hyatt_2022_Credit_Agreement.htm	import	Complete executed revolving credit agreement with lender signatures and operative terms.
rxsight_2023_oxford_loan_security.htm	raw_documents/htm/067_RxSight_Oxford_2023_Loan_and_Security_Agreement.htm	import	Complete direct-private-credit loan and security agreement; limited Regulation S-K redactions are disclosed and do not undermine its validity as an example.
alexandria_real_estate_2024_credit_agreement.htm	raw_documents/htm/068_Alexandria_Real_Estate_2024_Third_AR_Credit_Agreement.htm	import	Complete third amended and restated agreement with operative articles, signatures and exhibits.
comcast_2024_credit_agreement.htm	raw_documents/htm/069_Comcast_2024_Credit_Agreement.htm	import	Complete executed credit agreement with operative provisions, signatures and exhibits.
magnite_2024_credit_agreement.htm	raw_documents/htm/070_Magnite_2024_Credit_Agreement.htm	import	Complete leveraged/senior-secured credit agreement with extensive provisions, signatures and exhibits.
cummins_2024_second_ar_credit.htm	raw_documents/htm/071_Cummins_2024_Second_AR_Credit_Agreement.htm	import	Complete second amended and restated agreement with operative provisions, signatures and schedules.
genesis_energy_2024_seventh_ar_credit.htm	raw_documents/htm/072_Genesis_Energy_2024_Seventh_AR_Credit_Agreement.htm	import	Complete seventh amended and restated leveraged credit agreement with signatures and exhibits.
petroleum_heat_2024_seventh_ar_credit.htm	raw_documents/htm/073_Petroleum_Heat_2024_Seventh_AR_Credit_Agreement.htm	import	Complete seventh amended and restated agreement with operative provisions, signatures and exhibits.
spire_2024_second_ar_loan.htm	raw_documents/htm/074_Spire_2024_Second_AR_Loan_Agreement.htm	import	Complete second amended and restated loan agreement with signatures and exhibits.
cbre_2025_revolving_credit.htm	raw_documents/htm/075_CBRE_2025_364-Day_Revolving_Credit_Agreement.htm	import	Complete $1 billion 364-day companion revolver; distinct from the existing $3.5 billion five-year CBRE agreement dated the same day.
hershey_2025_five_year_credit.htm	raw_documents/htm/076_Hershey_2025_Five_Year_Credit_Agreement.htm	import	Complete five-year revolving credit agreement with operative provisions, signatures and exhibits.
