candidate_id	filename	agreement_date	agreement_title	container_type	parties_summary	source_url	source_format	native_pdf	agreement_start_page	private_credit_role	validation_status	file_bytes	extracted_text_bytes	sha256	notes
recent_001	radio_one_2015_8k_with_credit_agreement.pdf	2015-04-17	Credit Agreement	SEC_filing_PDF_with_embedded_full_agreement	Radio One, Inc.; Jefferies Finance LLC	https://www.sec.gov/Archives/edgar/data/1041657/000104165715000030/form8-kapril232015.pdf	PDF	yes	123	leveraged-loan example	passed_pdf_render_and_text_review	896282	1101792	8ca1a8eff1a83e746567c36ccddc9f7e7fcf08b9dc93462b6858818f43967068	Full agreement begins inside the 8-K PDF.
recent_002	edward_jones_2018_10q_with_credit_agreement.pdf	2018-09-21	Credit Agreement	SEC_filing_PDF_with_embedded_full_agreement	The Jones Financial Companies, L.L.L.P.; Edward D. Jones & Co., L.P.; JPMorgan Chase Bank, N.A.	https://www.sec.gov/Archives/edgar/data/815917/000156459018029202/ck0000815917-10q_20180928.pdf	PDF	yes	48		passed_pdf_render_and_text_review	3017448	646773	78ed7319eee90cb13ef78d209a309d2c8fad1d62a9272a092cb562bdcdaafb4f	Full Exhibit 10.1 begins inside the 10-Q PDF.
recent_003	denbury_2020_8k_with_credit_agreement.pdf	2020-09-18	Credit Agreement	SEC_filing_PDF_with_embedded_full_agreement	Denbury Inc.; JPMorgan Chase Bank, N.A.	https://www.sec.gov/Archives/edgar/data/945764/000094576420000137/den-20200918x8kemergen.pdf	PDF	yes	58	leveraged/restructuring example	passed_pdf_render_and_text_review	12158311	1415945	960f6ae52b105787e645acefac88e79087e398b1ff4185ad5914af167d2cf984	Full agreement begins inside the 8-K PDF.
recent_004	circor_2021_credit_agreement.htm	2021-12-20	Credit Agreement	standalone_SEC_HTML_exhibit	CIRCOR International, Inc. and lenders	https://www.sec.gov/Archives/edgar/data/1091883/000109188321000033/ex101-122021xcreditagreeme.htm	HTM	no		leveraged-loan example	passed_structural_and_text_review	1812574	729645	b7bedc7b3da00c6f3b76075e9925092c9da424c16a8aeaf2d29b921fc9195dad	Complete agreement exhibit.
recent_005	designer_brands_2022_credit_agreement.pdf	2022-03-30	Credit Agreement	standalone_SEC_PDF_exhibit	Designer Brands Inc.; Designer Brands Canada Inc.; The Huntington National Bank	https://www.sec.gov/Archives/edgar/data/1319947/000131994722000026/creditagreement.pdf	PDF	yes	1		passed_pdf_render_and_text_review	2377476	810972	c66f28461ad61ae0fba00c5b52214ab868b6ef8bffe196535416ed3742b91e3b	Standalone 223-page native PDF exhibit.
recent_006	hyatt_2022_credit_agreement.htm	2022-05-18	Credit Agreement	standalone_SEC_HTML_exhibit	Hyatt Hotels Corporation and lenders	https://www.sec.gov/Archives/edgar/data/1468174/000119312522158508/d336237dex101.htm	HTM	no			passed_structural_and_text_review	795011	481103	787db8499ec9b84bb4d46a571eafab9b0f0723df07266c29a09d9dbb017c5d93	Complete agreement exhibit.
recent_007	att_2022_ar_term_loan_credit.htm	2022-03-02	Amended and Restated Term Loan Credit Agreement	standalone_SEC_HTML_exhibit	AT&T Inc. and lenders	https://www.sec.gov/Archives/edgar/data/732717/000119312522062961/d296015dex101.htm	HTM	no		term-loan example	passed_structural_and_text_review	347847	210621	76bfe0b22876253ea82b87ff590ed721320c65af3cb29bba8e02260cbb856cd6	Complete agreement exhibit.
recent_008	amazon_2022_364day_revolving_credit.htm	2022-11-18	364-Day Revolving Credit Agreement	standalone_SEC_HTML_exhibit	Amazon.com, Inc. and lenders	https://www.sec.gov/Archives/edgar/data/1018724/000119312522289041/d413765dex101.htm	HTM	no			passed_structural_and_text_review	519500	298793	95c74918171ac0f630f94a9eb6d22edfd89e6a32f0660e2cff760828e6e9250c	Complete agreement exhibit.
recent_009	bandwidth_2022_senior_secured_credit.htm	2022-06-06	Senior Secured Credit Facilities Credit Agreement	standalone_SEC_HTML_exhibit	Bandwidth Inc.; Silicon Valley Bank and lenders	https://www.sec.gov/Archives/edgar/data/1514416/000151441622000153/q22022ex101svbcreditagreem.htm	HTM	no		leveraged-loan example	passed_structural_and_text_review	1472495	543447	39563121c4b3ee8d2bfca745ae8ca810427bb88444e3e57556aabc43cbe630c5	Complete senior-secured agreement exhibit.
recent_010	rxsight_2023_oxford_loan_security.htm	2023-06-30	Loan and Security Agreement	standalone_SEC_HTML_exhibit	RxSight, Inc.; Oxford Finance LLC	https://www.sec.gov/Archives/edgar/data/1111485/000095017023031482/rxst-ex10_1.htm	HTM	no		direct private credit	passed_structural_and_text_review	1041314	225169	916cbc86282fe27c4ada4850ca58268085d4bebec4e557c68c8e0c057d692bf9	Private-credit/direct-lending example.
recent_011	alexandria_real_estate_2024_credit_agreement.htm	2024-09-19	Third Amended and Restated Credit Agreement	standalone_SEC_HTML_exhibit	Alexandria Real Estate Equities, Inc. and lenders	https://www.sec.gov/Archives/edgar/data/1035443/000103544324000298/a2024-ex101.htm	HTM	no			passed_structural_and_text_review	1566855	568524	2e1da85112e47d4f7502dbdf3e77d234dc101fc8e2e3ab65516702e8108defe4	Complete agreement exhibit.
recent_012	comcast_2024_credit_agreement.htm	2024-05-17	Credit Agreement	standalone_SEC_HTML_exhibit	Comcast Corporation and lenders	https://www.sec.gov/Archives/edgar/data/1166691/000095010324006839/dp211362_ex1001.htm	HTM	no			passed_structural_and_text_review	767838	391158	32725b4029776331a3f5b31117c8818bf44b197b66a19723639ace206d7a556f	Complete agreement exhibit.
recent_013	petroleum_heat_2024_seventh_ar_credit.htm	2024-09-27	Seventh Amended and Restated Credit Agreement	standalone_SEC_HTML_exhibit	Petroleum Heat and Power Co., Inc. and lenders	https://www.sec.gov/Archives/edgar/data/1002590/000095017024110563/sgu-ex10_10.htm	HTM	no			passed_structural_and_text_review	1663704	511263	73c34b4220b31183d169da6a725ae24067e61f899103ab72fdd13b08fd2c8ca9	Complete agreement exhibit.
recent_014	magnite_2024_credit_agreement.htm	2024-02-06	Credit Agreement	standalone_SEC_HTML_exhibit	Magnite, Inc. and lenders	https://www.sec.gov/Archives/edgar/data/1595974/000159597424000014/exhibit1028-creditagreemen.htm	HTM	no		leveraged-loan example	passed_structural_and_text_review	2758446	1046824	e24040406b77804d8cd93d76e6eaa1af0b98a9d2cedf23e700bc2947e0157f99	Complete agreement exhibit.
recent_015	cummins_2024_second_ar_credit.htm	2024-06-03	Second Amended and Restated Credit Agreement	standalone_SEC_HTML_exhibit	Cummins Inc. and lenders	https://www.sec.gov/Archives/edgar/data/26172/000110465924067815/tm2416225d1_ex10-1.htm	HTM	no			passed_structural_and_text_review	888398	461922	61fdc18377cf6a52d79995a91f324ec00f45ea146c3639e6801cfcde6f3d22e7	Complete agreement exhibit.
recent_016	genesis_energy_2024_seventh_ar_credit.htm	2024-07-19	Seventh Amended and Restated Credit Agreement	standalone_SEC_HTML_exhibit	Genesis Energy, L.P. and lenders	https://www.sec.gov/Archives/edgar/data/1022321/000102232124000072/a70ex101-genesisxseventhar.htm	HTM	no		leveraged-loan example	passed_structural_and_text_review	1342335	500944	f9ec4e9fe009f64e604e5e13e06d5dbae9c1df5fd21fba61e5975971f05ea892	Complete agreement exhibit.
recent_017	spire_2024_second_ar_loan.htm	2024-10-11	Second Amended and Restated Loan Agreement	standalone_SEC_HTML_exhibit	Spire Inc. and lenders	https://www.sec.gov/Archives/edgar/data/3146/000143774924031522/ex_733693.htm	HTM	no			passed_structural_and_text_review	1005474	443101	e88ddfb34c0a6f5e8a0fc0922538b333f3047c639fda0cd75fb22633aedbf8bb	Complete agreement exhibit.
recent_018	blackstone_pes_2024_10q_with_credit_agreement.pdf	2024-10-03	Credit Agreement	SEC_filing_PDF_with_embedded_full_agreement	BXPE US Aggregator (CYM) L.P.; Wells Fargo Bank, N.A.; Citibank, N.A.	https://www.sec.gov/Archives/edgar/data/1930054/000119312524257190/d889278d10q1.pdf	PDF	yes	63	private-equity/private-credit fund leverage	passed_pdf_render_and_text_review	812253	944900	a68b7ddcfa1ddf52802cad629c54524a7ea4acda5f08c5a7ccb18309be7d3e6a	Blackstone Private Equity Strategies vehicle; full Exhibit 10.1 begins inside the 10-Q PDF.
recent_019	hershey_2025_five_year_credit.htm	2025-10-21	Five Year Credit Agreement	standalone_SEC_HTML_exhibit	The Hershey Company and lenders	https://www.sec.gov/Archives/edgar/data/47111/000162828025045714/exhibit101-creditagreement.htm	HTM	no			passed_structural_and_text_review	831918	314311	b02409706fbfda7fc8cac1ee76f104000e199c1eae3876b9bf13d8e1fb3e0f69	Complete agreement exhibit.
recent_020	cbre_2025_revolving_credit.htm	2025-06-24	364-Day Revolving Credit Agreement	standalone_SEC_HTML_exhibit	CBRE Group, Inc. and lenders	https://www.sec.gov/Archives/edgar/data/1138118/000095017025089526/cbre-ex10_3.htm	HTM	no			passed_structural_and_text_review	2031952	444725	99d22d33f9f4f466aefc1285682c907c2cdeecbb5520c1a8248432d648e63e56	Complete agreement exhibit.
